date,text
2023. július 25.,"
A Magyar Nemzeti Bank (MNB) elsõdleges célja az árstabilitás elérése és fenntartása. A jegybank elsõdleges céljának veszélyeztetése nélkül támogatja a pénzügyi stabilitás fenntartását és a Kormány gazdaság-, illetve környezeti fenntarthatósággal kapcsolatos politikáját.
A globális gazdasági kilátásokat továbbra is kettõsség jellemzi. A fejlett országokban várhatóan lassul a kibocsátás növekedési üteme, míg a feltörekvõ országok esetében a tavalyihoz hasonló növekedés várható. A legtöbb ország munkaerõpiacát feszesség jellemzi. A meghatározó gazdaságok közül Kína éves gazdasági növekedése a várakozások alatt alakult 2023 második negyedévében. Az európai energiaválság enyhülése a kontinens konjunktúrakilátásainak javulását vetíti elõre. Ugyanakkor a folytatódó orosz-ukrán háború és az elhúzódóan magas inflációs környezet lefelé mutató növekedési kockázatokat okoz.
Globálisan folytatódott az inflációs ráták csökkenése. A világgazdaság lassulása, az energia- és a nyersanyagárak korrekciója, illetve a nemzetközi szállítási költségek csökkenése az inflációs ráták további süllyedését vetíti elõre. A jellemzõen lassan mérséklõdõ maginflációs mutatók azonban arra utalnak, hogy az árstabilitás újbóli elérése a korábban vártnál hosszabb folyamat lehet.
A kockázatvállalási hajlandóság a júniusi kamatdöntés óta változékonyan alakult. A nemzetközi befektetõi hangulat július elsõ hetében átmeneti romlást mutatott, amit gyors korrekció követett. A hazai pénzügyi piacok a nemzetközi adatok közül az amerikai munkaerõpiaci és inflációs adatokra, valamint a dollár árfolyamának alakulására a régiónál nagyobb mértékben reagáltak. Az olajárak enyhén emelkedtek, miközben az európai gázárak csökkentek az elmúlt hónap során. Az orosz-ukrán háború jelentette bizonytalanság továbbra is negatívan befolyásolja a kockázatvállalási hajlandóságot.
A Federal Reserve (Fed) és az Európai Központi Bank (EKB) esetében a döntéshozói nyilatkozatok a kamatemelések folytatódását helyezték kilátásba. Ugyanakkor a piaci várakozások szerint mindkét jegybank a kamatemelési ciklusának végéhez közeledik. A régiós jegybankok nem változtattak a monetáris kondícióikon, azonban az elmúlt idõszakban már elindult a kamatcsökkentések idõzítésével kapcsolatos szakmai vita a régióban.
2023 elsõ negyedévében 0,9 százalékkal mérséklõdött a hazai GDP. Májusban tovább csökkent az ipari és az építõipari termelés, valamint a kiskereskedelmi forgalom. A havi termelési indikátorok és a magas frekvenciás adatok alapján is folytatódhatott a hazai gazdasági teljesítmény csökkenése a második negyedévben. A lakossági bizalmi indikátor továbbra is alacsony szinten alakul. A munkaerõpiac változatlanul feszes, a munkanélküliségi ráta alacsony.
2023-ban az éves átlagban csökkenõ reálbérek, az emelkedõ vállalati költségek, valamint az óvatossá váló fogyasztói és beruházói döntések egyaránt hozzájárulnak a belsõ kereslet visszaeséséhez, míg a nettó export támogatja a kibocsátás bõvülését. Az év második felétõl a csökkenõ inflációval párhuzamosan emelkedõ reálbérek hozzájárulnak a GDP-növekedés élénküléséhez. Az idei gazdasági teljesítményt a tavalyi aszályos év után korrigáló mezõgazdasági növekedés is javítja. A hazai GDP 2023-ban 0,0–1,5 százalékkal, 2024-ben 3,5–4,5 százalékkal, míg 2025-ben 3,0–4,0 százalékkal bõvül.
Júniusban folytatódott az infláció gyors csökkenése. A fogyasztói árak éves összevetésben 20,1 százalékkal emelkedtek, míg a maginfláció 20,8 százalékon alakult. A fogyasztóiár-index 1,4 százalékponttal mérséklõdött májushoz képest, ami elsõsorban az élelmiszerek és az iparcikkek lassuló árdinamikájához volt köthetõ. A maginfláció lassulása a termékek széles körében jelentkezett, így a mutató 2,0 százalékponttal csökkent az elõzõ hónaphoz képest. A piaci szolgáltatások inflációja 2021 júliusa óta elsõ alkalommal mérséklõdött. Mind a lakossági, mind a vállalati inflációs várakozások mérséklõdtek.
A következõ hónapokban folytatódik a hazai infláció és maginfláció gyors ütemû csökkenése. 2023 folyamán egyre markánsabban jelentkezik a szigorú monetáris politika, a csökkenõ globális nyersanyagárak, a mérséklõdõ hazai fogyasztás és a kormányzat piaci versenyt erõsítõ lépéseinek árleszorító hatása. A dezinfláció üteme tovább gyorsul, így várhatóan az év végén már egyszámjegyû tartományban alakul az infláció, miközben a maginfláció némileg lassabb ütemben csökken. A fogyasztóiár-index 2025 elején tér vissza a jegybanki toleranciasávba. Éves átlagban az infláció az idei évben 16,5–18,5 százalék között, 2024-ben 3,5–5,5 százalék, míg 2025-ben 2,5–3,5 százalék között alakulhat.
A költségvetési hiány mérséklõdése az idei évben tovább folytatódik. A 2023. évi deficitre vonatkozó költségvetési elõirányzat 3,9 százalék. Az eredményszemléletû hiánycél a 2024. évi költségvetési törvény alapján 2024-ben 2,9 százalék, míg 2025-ben 1,9 százalék. Az államadósság-ráta az elõzõ év végi 73,3 százalékról a nominális GDP növekedése és a hiány mérséklõdése következtében 2023 végére 70 százalék alá, majd az elõrejelzési horizont végére 65 százalék alá csökken.
Tovább folytatódott a külsõ egyensúlyi folyamatok javulása. A folyó fizetési mérleg egyenlege 2023 májusában jelentõs többletet mutatott, elsõsorban a külkereskedelmi egyenleg 1,3 milliárd eurós, rekordmértékû többletének következtében. A külsõ egyensúly trendszerû javulása mögött a kedvezõbb energiaegyenleg és cserearányok, a belföldi kereslet alkalmazkodása és az export élénk növekedése áll. Az idei évben a folyó fizetési mérleg hiánya a javuló külkereskedelmi egyenleggel párhuzamosan a júniusban vártnál kedvezõbben, a GDP 2 százaléka alatti szinten alakulhat. 2024-ben az elmúlt idõszakban kiépült új exportkapacitások termelésbe állásával, valamint a normalizálódó világgazdasági környezettel folytatódik a külkereskedelmi egyenleg és a finanszírozási képesség javulása.
A Monetáris Tanács megítélése szerint az árstabilitás elérése érdekében továbbra is a szigorú monetáris kondíciók fenntartása szükséges. A Tanács a mai ülése során az alapkamatot 13 százalékon tartotta. Az alapkamat jelenlegi szintje megfelelõ a fundamentális inflációs kockázatok kezelésére.
A Monetáris Tanács megítélése szerint a továbbra is kedvezõ kockázati környezet lehetõvé teszi, hogy a jegybank a korábbi ütemben folytassa a kamatkörnyezet normalizációját. Ezek alapján a Tanács mai ülése során július 26-i hatállyal a kötelezõ tartalék választható részére fizetett kamatot 100 bázisponttal, 16 százalékról 15 százalékra, valamint a kamatfolyosó felsõ szélét jelentõ O/N fedezett hiteleszköz kamatát szintén 100 bázisponttal 17,5 százalékra csökkentette. A Tanács az egynapos betéti gyorstenderek és devizacsere-tenderek esetében is 100 bázisponttal alacsonyabb kamatszint alkalmazását tartja indokoltnak.
A Monetáris Tanács megítélése szerint a monetáris transzmisszió erõsítése elõretekintve is kiemelten fontos az árstabilitás eléréséhez. Ennek érdekében a jegybank a bankközi forintlikviditás hosszabb távú lekötését célzó eszközöket a következõ idõszakban is alkalmazza.
A Monetáris Tanács megítélése szerint az alapkamat jelenlegi szintjének fenntartása biztosítja az inflációs várakozások horgonyzását és az inflációs cél fenntartható módon történõ elérését. A pénzpiaci stabilitás elõretekintve is kulcsfontosságú az árstabilitás eléréséhez. A jelenlegi környezetben óvatos és fokozatos megközelítés indokolt. Az MNB folyamatosan értékeli a nemzetközi pénzpiaci folyamatok hazai kockázati környezetre gyakorolt hatásait, a beérkezõ makrogazdasági adatokat, illetve az inflációs kilátások alakulását. A javuló kockázati megítélés fennmaradása esetén a jegybank a korábbi ütemben folytatja az egynapos tenderek kamatkondícióinak további fokozatos közelítését az alapkamathoz.
"
2023. június 20.,"
A Magyar Nemzeti Bank (MNB) elsõdleges célja az árstabilitás elérése és fenntartása. A jegybank elsõdleges céljának veszélyeztetése nélkül támogatja a pénzügyi stabilitás fenntartását és a Kormány gazdaság-, illetve környezeti fenntarthatósággal kapcsolatos politikáját.
A globális gazdasági kilátásokat továbbra is kettõsség jellemzi. 2023-ban a fejlett országokban várhatóan lassul a kibocsátás növekedési üteme, míg a feltörekvõ országok esetében a tavalyihoz hasonló növekedés várható. A legtöbb ország munkaerõpiacát feszesség jellemzi. A keresleti és kínálati tényezõk következtében korrigáló energiaárak enyhítik az európai energiaválság negatív hatásait, ami a kontinens konjunktúrakilátásainak javulását vetíti elõre. Ugyanakkor a folytatódó orosz-ukrán háború és az elhúzódóan magas inflációs környezet lefelé mutató növekedési kockázatokat okoz.
Globálisan folytatódott a dezinfláció. A világgazdaság lassulása, az energia- és a nyersanyagárak korrekciója, illetve a nemzetközi szállítási költségek csökkenése az inflációs ráták folytatódó süllyedését vetíti elõre. A magas szinten ragadó maginflációs mutatók azonban arra utalnak, hogy az árstabilitás újbóli elérése a korábban vártnál hosszabb folyamat lehet.
A befektetõi hangulat eleinte romlott, majd összességében javult az elõzõ kamatdöntés óta. Az amerikai bankcsõdök lecsengését követõen enyhültek az Európára is átterjedõ piaci turbulenciák. Emellett csökkent a volatilitás a globális pénzpiacokon, ami fõként az amerikai adósságplafonnal kapcsolatos viták lezárásához volt köthetõ. Az olajárak magas volatilitás mellett enyhén mérséklõdtek, miközben az európai gázárak emelkedtek az elmúlt hónap során. Az orosz-ukrán háború jelentette bizonytalanság továbbra is negatívan befolyásolja a kockázatvállalási hajlandóságot.
A Federal Reserve (Fed) júniusi kamatdöntõ ülésén változatlan szinten tartotta az irányadó ráta célsávját, az Európai Központi Bank (EKB) pedig 25 bázispontos kamatemelést hajtott végre. A piaci várakozások szerint a Fed és az EKB a kamatemelési ciklusának végéhez közeledik, ugyanakkor a két jegybank az év végéig további kamatemeléseket helyezett kilátásba.
2023 elsõ negyedévében 0,9 százalékkal mérséklõdött a hazai GDP. Jelentõsen csökkent az ipar és az építõipar teljesítménye, amit a mezõgazdasági termelés és az állami szolgáltatások bõvülése csak részben ellensúlyozott. Áprilisban tovább mérséklõdött az ipari és az építõipari termelés, valamint a kiskereskedelmi forgalom. A lakossági bizalmi indikátor továbbra is alacsony szinten alakul. A munkaerõpiac változatlanul feszes, a munkanélküliségi ráta 3,9 százalék volt áprilisban.
2023-ban a csökkenõ reálbérek, a vállalati költségek emelkedése, valamint az óvatossá váló fogyasztói és beruházói döntések egyaránt hozzájárulnak a belsõ kereslet visszaeséséhez, míg a nettó export támogatja a kibocsátás bõvülését. Az idei gazdasági teljesítményt a tavalyi aszályos év után korrigáló mezõgazdasági növekedés is javítja. A hazai GDP 2023-ban 0,0–1,5 százalékkal, 2024-ben 3,5–4,5 százalékkal, míg 2025-ben 3,0–4,0 százalékkal bõvül.
Májusban gyorsuló ütemben csökkent az infláció. A fogyasztói árak éves összevetésben 21,5 százalékkal emelkedtek, miközben havi alapon az elmúlt években tapasztalt emelkedéstõl eltérõen 0,4 százalékkal csökkentek. A maginfláció 22,8 százalékon alakult. A fogyasztóiár-index 2,5 százalékponttal mérséklõdött áprilishoz képest. Az infláció lassulása a termékek széles körében jelentkezett. A maginfláción belül a legtöbb termékkör árdinamikája mérséklõdött, egyedül a piaci szolgáltatások árindexe nõtt tovább a banki szolgáltatások áremelkedése miatt. Mind a lakossági, mind a vállalati inflációs várakozások mérséklõdtek.
A következõ hónapokban folytatódik a hazai infláció és maginfláció gyors ütemû csökkenése. 2023 folyamán egyre markánsabban jelentkezik a szigorú monetáris politika, a csökkenõ globális nyersanyagárak, a mérséklõdõ hazai fogyasztás és a kormányzat piaci versenyt erõsítõ lépéseinek árleszorító hatása. A dezinfláció üteme tovább gyorsul, így az év végére várhatóan egyszámjegyûvé válik az infláció. A piaci szolgáltatások jelentõs áremelkedése miatt a maginfláció csak lassabb ütemben csökkenhet. A jövõ évre várt inflációs pálya az adóintézkedésekhez köthetõen enyhén feljebb tolódott márciushoz képest, így a fogyasztóiár-index 2025 elején tér vissza a jegybanki toleranciasávba. Éves átlagban az infláció az idei évben 16,5–18,5 százalék között, 2024-ben 3,5–5,5 százalék, míg 2025-ben 2,5–3,5 százalék között alakulhat.
A költségvetési hiány mérséklõdése az idei évben tovább folytatódik. A 2023. évi deficitre vonatkozó költségvetési elõirányzat 3,9 százalék. Az eredményszemléletû hiánycél a 2024. évi költségvetési törvény alapján 2024-ben 2,9 százalék, míg 2025-ben 1,9 százalék. Az államadósság-ráta az elõzõ év végi 73,3 százalékról a gazdasági növekedésnek és a hiány mérséklõdésének köszönhetõen 2023 végére 70 százalék alá, majd az elõrejelzési horizont végére 65 százalék alá csökken.
Folytatódott a külsõ egyensúlyi folyamatok javulása. A folyó fizetési mérleg egyenlege 2023. áprilisban egyensúly közelében alakult. A külsõ egyensúly trendszerû javulása mögött a kedvezõbb energiaegyenleg és cserearányok, a belföldi kereslet alkalmazkodása és az export dinamikus növekedése áll. Az idei évben a folyó fizetési mérleg hiánya a javuló külkereskedelmi egyenleggel párhuzamosan a márciusban vártnál kedvezõbben, a GDP 2-3 százaléka körüli szinten alakul. 2024-ben az elmúlt idõszakban kiépült új exportkapacitások termelésbe állásával, valamint a normalizálódó világgazdasági környezettel, azon belül is elsõsorban az energiaárak mérséklõdésével folytatódik a külkereskedelmi egyenleg és a finanszírozási képesség javulása.
A Monetáris Tanács a júniusi Inflációs jelentés alapelõrejelzése körül három alternatív forgatókönyvet emelt ki. A kínálati korlátok gyorsabb oldódását bemutató forgatókönyvben a globális ellátási láncok problémáinak rendezõdése, illetve az energia- és a nyersanyagárak mérséklõdése erõteljesebben gyûrûzik be a hazai termelési folyamatokba, ezáltal alacsonyabb inflációs és magasabb növekedési pályát eredményez. Az elhúzódóan alacsonyabb fogyasztást bemutató forgatókönyv alacsonyabb növekedési és inflációs pályával áll összhangban. Az inflációs várakozások tartós megemelkedését feltételezõ forgatókönyv az alappályához képest magasabb inflációs és némiképp alacsonyabb növekedési pályával számol.
A Monetáris Tanács megítélése szerint az árstabilitás elérése érdekében továbbra is a szigorú monetáris kondíciók fenntartása szükséges. A Tanács a mai ülése során az alapkamatot 13 százalékon tartotta. Az alapkamat jelenlegi szintje megfelelõ a fundamentális inflációs kockázatok kezelésére.
A Monetáris Tanács megítélése szerint a továbbra is kedvezõ kockázati környezet lehetõvé teszi, hogy a jegybank folytassa a kamatkörnyezet normalizációját. Ezek alapján a Tanács mai ülése során június 21-i hatállyal a kötelezõ tartalék választható részére fizetett kamatot 100 bázisponttal, 17 százalékról 16 százalékra, valamint a kamatfolyosó felsõ szélét jelentõ O/N fedezett hiteleszköz kamatát szintén 100 bázisponttal 18,5 százalékra csökkentette. A Tanács az egynapos betéti gyorstenderek és devizacsere-tenderek esetében is 100 bázisponttal alacsonyabb kamatszint alkalmazását tartja indokoltnak.
A Monetáris Tanács megítélése szerint a monetáris transzmisszió erõsítése elõretekintve is kiemelten fontos az árstabilitás eléréséhez. Ennek érdekében a jegybank a bankközi forintlikviditás hosszabb távú lekötését célzó eszközöket a következõ idõszakban is alkalmazza.
A Monetáris Tanács megítélése szerint az alapkamat jelenlegi szintjének fenntartása biztosítja az inflációs várakozások horgonyzását és az inflációs cél fenntartható módon történõ elérését. A pénzpiaci stabilitás elõretekintve is kulcsfontosságú az árstabilitás eléréséhez. A jelenlegi környezetben óvatos és fokozatos megközelítés indokolt. Az MNB folyamatosan értékeli a nemzetközi pénzpiaci folyamatok hazai kockázati környezetre gyakorolt hatásait, a beérkezõ makrogazdasági adatokat, illetve az inflációs kilátások alakulását. A javuló kockázati megítélés fennmaradása esetén a jegybank folytatja az egynapos tenderek kamatkondícióinak további fokozatos közelítését az alapkamathoz.
"
2023. május 23.,"
A Magyar Nemzeti Bank (MNB) elsõdleges célja az árstabilitás elérése és fenntartása. A jegybank elsõdleges céljának veszélyeztetése nélkül támogatja a pénzügyi stabilitás fenntartását és a Kormány gazdaság-, illetve környezeti fenntarthatósággal kapcsolatos politikáját.
A globális gazdasági kilátásokat továbbra is kettõsség jellemzi. 2023-ban a fejlett országokban várhatóan lassul a kibocsátás növekedési üteme, míg a feltörekvõ országok esetében a tavalyihoz hasonló növekedés várható. A legtöbb ország munkaerõpiacát feszesség jellemzi. Az orosz-ukrán háború és az elhúzódóan magas inflációs környezet lefelé mutató növekedési kockázatokat okoz. Az energiaárak korrekciója, valamint a gáztározók magas töltöttségi szintje enyhíti az európai energiaválság negatív hatásait, ami a kontinens konjunktúrakilátásainak javulását vetíti elõre.
Globálisan egyre több országban figyelhetõ meg az inflációs fordulat. A világgazdaság lassulása, az energia- és nyersanyagárak korrekciója, illetve a nemzetközi szállítási költségek csökkenése a globális dezinfláció folytatódását vetíti elõre. A maginfláció trendjének lassú változása ugyanakkor arra utal, hogy az infláció normalizálódása a korábban vártnál hosszabb folyamat lehet.
Az elõzõ kamatdöntés óta javult a befektetõi hangulat. A május eleji amerikai bankcsõd következtében ismét erõsödtek a globális bankrendszer egyes szereplõivel kapcsolatos aggodalmak, azonban a piaci turbulenciák átmenetinek bizonyultak. A piaci szereplõk fókuszában a bankcsõd fejleményei mellett a meghatározó jegybankok kamatpolitikájával kapcsolatos várakozások, az amerikai adósságplafon, valamint a makrogazdasági adatközlések álltak.
A Federal Reserve (Fed) és az Európai Központi Bank (EKB) egyaránt 25-25 bázisponttal emelte irányadó kamatát. A piaci várakozások szerint a Fed a kamatemelési ciklusának végéhez közeledik, miközben az EKB néhány lépésben még tovább emelheti irányadó rátáját. A régiós jegybankok a várakozásokkal összhangban nem változtattak a monetáris kondícióikon.
A magyar GDP 2023 elsõ negyedévében mérséklõdött. Az elõzetes adatok alapján a hazai GDP 0,9 százalékkal csökkent az elõzõ év azonos idõszakához képest, amihez fõként az ipari kibocsátás mérséklõdése járult hozzá, miközben a mezõgazdaság és a szolgáltatások teljesítménye mérsékelte a visszaesést. A lakossági bizalmi indikátor továbbra is alacsony szinten áll. A munkaerõpiac változatlanul feszes, a munkanélküliségi ráta alacsony.
Az idei évi növekedést szerkezeti és idõbeli kettõsség jellemzi. A kibocsátást fõként a belsõ keresleti tényezõk lassítják, miközben az exportértékesítések változatlanul bõvülnek. A növekedés újbóli élénkülése az infláció jelentõsebb csökkenésével és a beruházások felfutásával párhuzamosan az év második felében várható. A 2024. évi növekedéshez a belsõ és a külsõ tényezõk egyaránt pozitívan járulhatnak hozzá. A hazai GDP 2023-ban 0,0–1,5 százalékkal, 2024-ben 3,5–4,5 százalékkal, míg 2025-ben 3,0–4,0 százalékkal bõvül.
Áprilisban a korábbiaknál gyorsabb ütemben folytatódott az infláció csökkenése. Az éves összevetésben számított infláció 24,0, míg a maginfláció 24,8 százalék volt. A fogyasztóiár-index 1,2 százalékponttal mérséklõdött az elõzõ hónaphoz képest. Az infláció lassulása a termékek széles körében jelentkezett. A maginfláció csökkenése elsõsorban a feldolgozott élelmiszerek inflációjának mérséklõdésére vezethetõ vissza. A piaci szolgáltatásokat továbbra is erõs havi áremelkedés jellemzi. Mind a lakossági, mind a vállalati inflációs várakozások mérséklõdtek.
A szigorú monetáris kondíciók egyre szélesebb körben fejtik ki dezinflációs hatásukat. A következõ hónapokban várhatóan tovább folytatódik a fogyasztóiár-index egyre gyorsabb ütemû csökkenése, amihez az év közepétõl a bázishatások erõsödése is érdemben hozzájárul. A fogyasztóiár-index 2024-ben tér vissza a jegybanki toleranciasávba. Az infláció 2023-ban 15,0–19,5, 2024-ben 3,0–5,0, 2025-ben pedig 2,5–3,5 százalék között alakul.
A költségvetési hiány mérséklõdése az idei évben tovább folytatódik. A 2023. évi deficitre vonatkozó költségvetési elõirányzat 3,9 százalék. Az államadósság-ráta az idei évben 69 százalékra, 2025 végére pedig 65 százalék közelébe csökkenhet.
Folytatódott a külsõ egyensúlyi folyamatok javulása. A folyó fizetési mérleg egyenlege 2023 márciusában két év után ismét pozitívvá vált. A külsõ egyensúly trendszerû javulása mögött a csökkenõ energiaegyenleg, a cserearányok kedvezõbbé válása, a belföldi kereslet alkalmazkodása és az export dinamikus növekedése áll. Az idei évben várhatóan 3–4 százalék közé csökken a folyó fizetési mérleg hiánya. 2024-ben a normalizálódó világgazdasági környezettel, valamint az elmúlt idõszakban kiépült új exportkapacitások termelésbe állásával folytatódik a külkereskedelmi egyenleg és a finanszírozási képesség javulása.
A Monetáris Tanács megítélése szerint az árstabilitás elérése érdekében továbbra is a szigorú monetáris kondíciók fenntartása szükséges. A Tanács a mai ülése során az alapkamatot 13 százalékon tartotta. Az alapkamat jelenlegi szintje megfelelõ a fundamentális inflációs kockázatok kezelésére.
Az elmúlt idõszakban külsõ és belsõ tényezõk következtében tartósan és jelentõs mértékben javult a hazai pénzügyi piacok stabilitása. A fejlett országok közelmúltbeli bankrendszeri problémáinak nem voltak globális tovagyûrûzõ hatásai. A feltörekvõ piacok befektetõi megítélése általánosan erõsödött. Az európai energiaválság kockázata csökkent, miközben Magyarország folyó fizetési mérlegének egyenlege nagymértékû és trendszerû javulást mutat. A hazai bankrendszer tõke- és likviditási helyzete stabil.
A Monetáris Tanács megítélése szerint a kockázati környezet tartós javulása lehetõvé teszi, hogy a jegybank további lépéseket tegyen a kamatkörnyezet normalizációjának irányába. Ezek alapján a Tanács mai ülése során május 24-i hatállyal a kötelezõ tartalék választható részére fizetett kamatot 100 bázisponttal, 18 százalékról 17 százalékra mérsékelte, valamint a kamatfolyosó felsõ szélét jelentõ O/N fedezett hiteleszköz kamatát 100 bázisponttal 19,5 százalékra csökkentette. A Tanács az egynapos betéti gyorstenderek és devizacsere-tenderek esetében a korábbiaknál 100 bázisponttal alacsonyabb kamatszint alkalmazását tartja indokoltnak.
A Monetáris Tanács megítélése szerint a monetáris transzmisszió erõsítése elõretekintve is kiemelten fontos az árstabilitás eléréséhez. Ennek érdekében a jegybank a következõ idõszakban is alkalmazza a bankközi forintlikviditás hosszabb távú lekötését célzó eszközöket.
A Monetáris Tanács megítélése szerint az alapkamat jelenlegi szintjének tartós fenntartása szükséges, ami biztosítja az inflációs várakozások horgonyzását és az inflációs cél fenntartható módon történõ elérését. A pénzpiaci stabilitás elõretekintve is kulcsfontosságú az árstabilitás eléréséhez. A jelenlegi környezetben óvatos és fokozatos megközelítés indokolt. Az MNB folyamatosan értékeli a beérkezõ adatokat, illetve az inflációs kilátások alakulását, és kiemelt figyelemmel követi a nemzetközi pénzpiaci folyamatok hazai kockázati környezetre gyakorolt hatásait. A javuló kockázati megítélés tartós fennmaradása esetén a jegybank folytatja az egynapos tenderek kamatkondícióinak további fokozatos közelítését az alapkamathoz.
"
2023. április 25.,"
A Magyar Nemzeti Bank (MNB) elsõdleges célja az árstabilitás elérése és fenntartása. A jegybank elsõdleges céljának veszélyeztetése nélkül támogatja a pénzügyi stabilitás fenntartását és a Kormány gazdaság-, illetve környezeti fenntarthatósággal kapcsolatos politikáját.
A globális gazdasági kilátásokat továbbra is kettõsség jellemzi. 2023-ban a fejlett országokban várhatóan lassul a kibocsátás növekedési üteme, míg a feltörekvõ országok esetében a tavalyihoz hasonló növekedés várható. A legtöbb ország munkaerõpiacát feszesség jellemzi. Az orosz-ukrán háború és az elhúzódóan magas inflációs környezet lefelé mutató növekedési kockázatokat okoz. Az energiaárak korrekciója, valamint a gáztározók kedvezõ töltöttségi szintje enyhíti az európai energiaválság negatív hatásait, ami a kontinens konjunktúra kilátásainak javulását vetíti elõre.
Egyre több országban figyelhetõ meg az infláció fordulata. Ugyanakkor a maginflációs mutatók alakulása arra utal, hogy a legtöbb országban az árindexek lassulása a korábban vártnál jobban elhúzódhat. A világgazdaság lassulása, a globális energia- és nyersanyagárak korrekciója, illetve a nemzetközi szállítási költségek csökkenése a globális dezinfláció folytatódását vetíti elõre.
Az elõzõ kamatdöntés óta javult a befektetõi hangulat. Az amerikai és az európai bankszektorral kapcsolatos aggodalmak oldódtak, és ismét fókuszba kerültek a meghatározó jegybankok kamatpolitikájával kapcsolatos várakozások.
A Federal Reserve (Fed) és az Európai Központi Bank (EKB) esetében a döntéshozói nyilatkozatok a kamatemelések folytatódására utalnak. A piaci várakozások szerint a kamatemelési ciklusok a Fed és az EKB esetében is hamarosan véget érhetnek. A régiós jegybankok a várakozásokkal összhangban nem változtattak a monetáris kondícióikon.
A magyar gazdaság 2022-ben 4,6 százalékkal bõvült. A magas frekvenciás adatok alapján az év elsõ hónapjaiban a gazdaság növekedési üteme általánosan lassult. Februárban a kiskereskedelmi forgalom és az építõipari kibocsátás nagyobb, míg az ipari termelés kisebb mértékben csökkent éves összevetésben. A lakossági bizalmi indikátor az elmúlt hónap során jelentõsen emelkedett, azonban továbbra is alacsony szinten áll. A munkaerõpiac változatlanul feszes, a munkanélküliségi ráta alacsony.
Az idei évi növekedést szerkezeti és idõbeli kettõsség jellemzi. A kibocsátást fõként a belsõ keresleti tényezõk lassítják. A növekedés újbóli élénkülése az infláció jelentõsebb csökkenésével és a beruházások felfutásával párhuzamosan az év második felében várható. A 2024. évi növekedéshez a belsõ és a külsõ tényezõk egyaránt pozitívan járulhatnak hozzá. A hazai GDP 2023-ban 0,0–1,5 százalékkal, 2024-ben 3,5–4,5 százalékkal, míg 2025-ben 3,0–4,0 százalékkal bõvül.
2023. januárban tetõzött a hazai infláció. Márciusban az éves összevetésben számított infláció 25,2, míg a maginfláció 25,7 százalék volt. Az infláció 0,2 százalékponttal mérséklõdött az elõzõ hónaphoz képest. Folytatódott az élelmiszerek és az üzemanyagok árdinamikájának lassulása. Februárhoz képest enyhén emelkedett a maginfláció, amit a piaci szolgáltatások, azon belül is a telekommunikációs szektorhoz kötõdõ egyedi áremelések magyaráztak. Ugyanakkor a maginflációs tételeken belül a tartós iparcikkek árai csökkentek havi összevetésben. Az inflációs várakozások változatlanul magas szinten alakulnak, ugyanakkor a kiskereskedelmi értékesítésekre, illetve a szolgáltatásokra vonatkozó vállalati árvárakozások hónapok óta mérséklõdnek.
A következõ hónapokban a fogyasztóiár-index egyre gyorsabb ütemû csökkenése várható, amihez az év közepétõl a bázishatások felerõsödése is hozzájárul. A szigorú monetáris kondíciók egyre szélesebb körben fejtik ki dezinflációs hatásukat. A fogyasztóiár-index 2024-ben tér vissza a jegybanki toleranciasávba. Az infláció 2023-ban 15,0–19,5, 2024-ben 3,0–5,0, 2025-ben pedig 2,5–3,5 százalék között alakul.
A költségvetési hiány mérséklõdése az idei évben tovább folytatódik. A 2023. évi deficitre vonatkozó költségvetési elõirányzat 3,9 százalék. Az államadósság-ráta 2022 végére a részletes adatok alapján a GDP 73,3 százalékára mérséklõdött, majd az idei évben 69 százalékra, 2025 végére pedig 65 százalék közelébe csökkenhet.
Folytatódott a külsõ egyensúlyi folyamatok javulása. A folyó fizetési mérleg hiánya 2023 februárjában jelentõsen mérséklõdött, ezzel Magyarország finanszírozási egyenlege több mint egy év után ismét pozitívvá vált. A külsõ egyensúly trendszerû javulása mögött a csökkenõ energiaegyenleg, a kedvezõbbé váló cserearányok, a belföldi kereslet alkalmazkodása és az export dinamikus növekedése áll. Az idei évben várhatóan megfelezõdik a folyó fizetési mérleg hiánya. 2024-ben a normalizálódó világgazdasági környezettel, valamint az elmúlt idõszakban kiépült új exportkapacitások termelésbe állásával folytatódik a külkereskedelmi egyenleg és a finanszírozási képesség javulása.
A Monetáris Tanács megítélése szerint az árstabilitás elérése érdekében továbbra is a szigorú monetáris kondíciók fenntartása szükséges, ezért a mai ülésén az alapkamatot 13 százalékon tartotta. A Tanács szerint az egynapos betéti gyorstenderek és devizacsere-tenderek esetében a változatlan kamatszint fenntartása indokolt. Az alapkamat jelenlegi szintje megfelelõ a fundamentális inflációs kockázatok kezelésére.
2022. október 14-én a Monetáris Tanács a turbulens pénzpiaci környezetben jelentõs mértékben kiszélesítette a kamatfolyosót. Az elmúlt idõszakban külsõ és belsõ tényezõk következtében folyamatosan javult a kockázati környezet és egyúttal Magyarország kockázati megítélése. A szélsõséges forgatókönyvek kockázatainak csökkenésére reagálva a Tanács a kamatfolyosó szûkítésérõl döntött. Ennek megfelelõen az O/N betéti kamat szintje változatlanul 12,5 százalék, ugyanakkor az O/N fedezett hitelkamat 20,5 százalékra mérséklõdik.
A 2023. április 1-jétõl hatályba lépett, átalakított kötelezõtartalék-rendszerre az átállás gördülékenyen megtörtént. A jegybank a bankközi forintlikviditás hosszabb távú lekötését célzó eszközöket a monetáris transzmisszió erõsítése érdekében a következõ idõszakban is alkalmazza.
A Monetáris Tanács megítélése szerint az alapkamat jelenlegi szintjének tartós fenntartása szükséges, ami biztosítja az inflációs várakozások horgonyzását és az inflációs cél fenntartható módon történõ elérését. A piaci stabilitás fenntartása és a monetáris transzmisszió erõsítése elõretekintve is kulcsfontosságú az árstabilitás eléréséhez. Az MNB folyamatosan értékeli a beérkezõ adatokat, illetve az inflációs kilátások alakulását, és kiemelt figyelemmel követi a nemzetközi pénzpiaci folyamatok hazai kockázati környezetre gyakorolt hatásait. A jegybank a következõ kamatdöntõ ülések alkalmával mérlegeli a kockázati megítélés javulásának tartósságát, és ez alapján hoz döntést az egynapos eszközök kamatkondícióinak változtatásáról.
"
2023. március 28.,"
A Magyar Nemzeti Bank (MNB) elsõdleges célja az árstabilitás elérése és fenntartása. A jegybank elsõdleges céljának veszélyeztetése nélkül támogatja a pénzügyi stabilitás fenntartását és a Kormány gazdaság-, illetve környezeti fenntarthatósággal kapcsolatos politikáját.
2022 negyedik negyedévében tovább lassult a világgazdasági növekedés, ugyanakkor az európai uniós országok többségében a GDP bõvülése a vártnál kedvezõbben alakult. A globális növekedési kilátásokat továbbra is kettõsség jellemzi. Az egyes bankok stabilitásával kapcsolatos piaci aggodalmak felerõsödése, az elhúzódó orosz-ukrán háború és az általánosan emelkedõ kamatkörnyezet lefelé mutató kockázatokat okoz. Ezzel szemben az enyhe téli idõjárás, valamint a gáztározók kedvezõ töltöttségi szintje enyhíti az európai energiaválság negatív hatásait, ami a növekedési kilátások javulását vetíti elõre.
Egyre több országban figyelhetõ meg az infláció lassú, de egyértelmû csökkenése. A világgazdaság lassulása, a kereslet gyengülése, a globális energia- és nyersanyagárak korrekciója, illetve a nemzetközi szállítási költségek mérséklõdése a globális áremelkedés további mérséklõdésének irányába mutat.
Az elõzõ kamatdöntés óta romlott a befektetõi hangulat. Március közepétõl az egyes bankok stabilitásával kapcsolatos félelem felerõsödése a globális kockázatok fokozódását okozta, ennek eredményeként érdemben megváltoztak a meghatározó jegybankok további lépéseivel kapcsolatos várakozások, valamint romlott a feltörekvõ piaci eszközök kockázati megítélése.
A Federal Reserve (Fed) 25 bázispontos, az Európai Központi Bank (EKB) pedig 50 bázispontos kamatemelést hajtott végre márciusban. A Fed a bankcsõdök nyomán kialakult pénzpiaci turbulenciára reagálva új finanszírozási programot indított, valamint több jegybankkal összehangoltan, dollárswap-megállapodásokon keresztül növelte a likviditást. Az EKB közleményében hangsúlyozta, hogy az eurozóna bankrendszere ellenálló, erõs tõke- és likviditási pozícióval rendelkezik. Az MNB februári döntése óta a régiós jegybankok nem változtattak a monetáris kondíciókon.
A magyar gazdaság növekedése 2022-ben 4,6 százalék volt. Az év utolsó negyedévében a növekedési dinamika lassult. A részletes adatok alapján a tavalyi év utolsó három hónapjában a GDP 0,4 százalékkal nõtt éves összevetésben, amihez fõként az ipar és a piaci szolgáltató ágazatok járultak hozzá, miközben a mezõgazdasági kibocsátás jelentõs visszaesése fékezte a növekedést. Januárban a kiskereskedelmi forgalom és az építõipari kibocsátás nagyobb, míg az ipari termelés kisebb mértékben csökkent. A felmérések alapján a termelési kilátások az elmúlt hónapban összességében javultak, míg a lakossági bizalmi indikátor továbbra is alacsony szinten áll. A munkaerõpiac változatlanul feszes, a munkanélküliségi ráta alacsony.
Az idei évi növekedést szerkezeti és idõbeli kettõsség jellemzi. A kibocsátást fõként a belsõ keresleti tényezõk lassítják, ugyanis a magas infláció csökkenti a lakossági jövedelmek vásárlóértékét, ami a fogyasztás további lassulását okozza. A vállalati költségek emelkedése és a bizonytalan keresleti kilátások várhatóan a beruházások elhalasztását, átütemezését eredményezik. A növekedés újbóli élénkülése az infláció jelentõsebb csökkenésével és a beruházások felfutásával párhuzamosan az év második felében várható. A 2024. évi növekedéshez a belsõ és a külsõ tényezõk egyaránt pozitívan járulhatnak hozzá. A hazai GDP 2023-ban 0,0–1,5 százalékkal, 2024-ben 3,5–4,5 százalékkal, míg 2025-ben 3,0–4,0 százalékkal bõvül.
2023. januárban tetõzött a hazai infláció. Februárban az éves összevetésben számított infláció 25,4, míg a maginfláció 25,2 százalék volt. Az infláció 0,3 százalékponttal lassult az elõzõ hónaphoz képest, amihez legnagyobb mértékben az üzemanyagok árcsökkenése és a feldolgozott élelmiszerek árdinamikájának lassulása járult hozzá. Februárban az élelmiszer-infláció második hónapja lassult, mind a feldolgozott, mind a feldolgozatlan élelmiszerek éves árindexe enyhén mérséklõdött. Az inflációs várakozások változatlanul magas szinten alakulnak, ugyanakkor a kiskereskedelmi értékesítésekre, illetve a szolgáltatásokra vonatkozó vállalati árvárakozások hónapok óta a tavaly nyári csúcsértékeik alatt tartózkodnak.
A következõ hónapokban a fogyasztóiár-index elõbb lassú, majd egyre gyorsabb ütemû mérséklõdése várható. A szigorú monetáris kondíciók egyre szélesebb körben fejtik ki dezinflációs hatásukat, az infláció érdemi lassulását okozva. Az energia- és a nyersanyagárak, valamint a szállítási költségek jelentõsen mérséklõdtek, az értékláncokban lévõ feszültségek oldódtak, emellett a globális konjunktúra lassulása is tovább fékezi a külsõ inflációt. A belsõ kereslet csökkenése szûkíti a vállalatok árazási mozgásterét, miközben a Gazdasági Versenyhivatal aktív fellépése is az egyre fegyelmezettebb árazási magatartás irányába hat. A fogyasztóiár-index 2024-ben tér vissza a jegybanki toleranciasávba. Az infláció 2023-ban 15,0–19,5, 2024-ben 3,0–5,0, 2025-ben pedig 2,5–3,5 százalék között alakul.
Az elõzetes pénzügyi számla statisztika alapján teljesült a 2022. évi hiánycél. A következõ években is folytatódik a költségvetési hiány mérséklõdése. A 2023. évi deficitre vonatkozó költségvetési elõirányzat 3,9 százalék, míg a 2024. és a 2025. évi tervek rendre 2,5 és 1,5 százalékot tesznek ki. A hiánycélok elérését segíti az energiaárak csökkenése, ugyanakkor a célok teljesítéséhez feszes költségvetési gazdálkodásra van szükség. Az államadósság-ráta 2022 végére az elõzetes adatok alapján a GDP 73,6 százalékára mérséklõdött, majd az idei évben 69 százalékra, az elõrejelzési horizont végére pedig 65 százalék közelébe csökkenhet. 2023-tól folyamatosan csökken a folyó fizetési mérleg hiánya – a tavaly novemberi 1,7 milliárd eurós mélyponthoz képest idén januárra 0,9 milliárd euróval javult az egyenleg –, ami a csökkenõ energiaárak miatt javuló energiaegyenleg mellett az élénk exportra, valamint a beruházási és fogyasztási dinamika lassulása miatt fékezõdõ importbõvülésre vezethetõ vissza. 2024-ben a normalizálódó világgazdasági környezettel, valamint az elmúlt idõszakban kiépült új exportkapacitások termelésbe állásával folytatódik a külkereskedelmi egyenleg javulása. Ezek eredményeként a folyó fizetési mérleg hiánya 2023-ban megfelezõdik, majd az elõrejelzési horizont végére az ország finanszírozási képessége újra pozitívvá válik.
2022. október közepe óta a magyar gazdaság kockázati megítélése javult. Ugyanakkor az elmúlt hetekben a globális bankrendszer egyes szereplõivel kapcsolatos aggodalmak növelték a bizonytalanságot a nemzetközi pénzpiacokon, ami a feltörekvõ piacokon erõteljes volatilitással járt. Az MNB kiemelt figyelemmel követi a kockázati környezetben bekövetkezõ változások mértékét és tartósságát.
A magyar bankrendszer tõke- és likviditási helyzete stabil, a bankok a rendszeresen végzett stressztesztek alapján robusztus tartalékokkal, folyamatosan teljesítik a szabályozói követelményeket, és képesek kielégíteni a gazdaság finanszírozási igényét. A pénzpiaci turbulenciák a banki részvényárfolyamok általános esésével jártak együtt a világban. Az európai bankrendszer stabilitása azonban az utóbbi évtizedben jelentõsen erõsödött, részben a korábbiaknál jóval szigorúbb szabályozás eredményeként.
A Monetáris Tanács a mai ülésén az alapkamatot 13 százalékon tartotta. Az alapkamat jelenlegi szintje megfelelõ a fundamentális inflációs kockázatok kezelésére. Az O/N betéti kamat 12,5 százalékos és az O/N fedezett hitelkamat 25 százalékos szintje nem változott.
A Monetáris Tanács a márciusi Inflációs jelentés alapelõrejelzése körül négy alternatív forgatókönyvet emelt ki. A lassuló globális konjunktúrával számoló kockázati forgatókönyv az alappályánál alacsonyabb növekedési és inflációs pályát feltételez. A másodkörös inflációs hatások kockázatának emelkedését bemutató forgatókönyv az alappályához képest magasabb inflációs és némiképp magasabb növekedési pályával számol. A feltörekvõ piacokról történõ tõkekivonást feltételezõ alternatív pálya esetében magasabb infláció és visszafogottabb növekedés valósul meg. Az óvatosabb fogyasztói magatartás következtében alacsonyabb fogyasztást feltételezõ kockázati forgatókönyv az alappályához képest alacsonyabb inflációs és növekedési pályát eredményez.
Az MNB tavaly õsszel bevezetett, a bankközi forintlikviditás tartós lekötését célzó eszközei – az átalakított kötelezõ tartalékrendszer, az egyhetes futamidejû diszkontkötvény és a hosszú futamidejû betéti tender – hatására a hozamkörnyezet általános és jelentõs mértékû emelkedése ment végbe. Az intézkedések tartósan erõsítették a monetáris transzmissziót, így a kedvezõ tapasztalatok alapján a jegybank ezen eszközeit a következõ idõszakban is alkalmazza az árstabilitási cél elérése érdekében.
A Monetáris Tanács korábbi bejelentésével összhangban a kötelezõ tartalékráta emelésével és kamatozásának átalakításával április 1-jétõl tovább szigorítja a kötelezõ tartalékeszköz bankközi likviditásra gyakorolt hatását. A januári döntés értelmében a kötelezõ tartalékráta 10 százalékra emelkedik, illetve a Tanács februári döntése értelmében a tartalékszámlára vonatkozóan lépcsõs kamatozású rendszer lép érvénybe, ami ösztönzi a tartósan lekötött likviditás részarányának növelését, tovább erõsítve a monetáris transzmissziót.
Az MNB a monetáris transzmisszió erõsítésén túl a pénzpiaci stabilitás biztosítása érdekében a következõ idõszakban is alkalmazza az egynapos betéti gyorstendereket és devizacsere-ügyleteket. Emellett a jegybank a negyedév végén átnyúló futamidejû, eurolikviditást nyújtó swapeszköz és a jegybanki diszkontkötvény segítségével elõsegíti a piaci folyamatok stabilitását.
A Monetáris Tanács értékelése szerint az energiaimporthoz kapcsolódó euroeladási eszköz hatékonyan járult hozzá a devizapiaci stabilitás megteremtéséhez. Az energiapiaci árak elmúlt hónapokban látott csökkenése az energiaegyenleg fokozatos javulását eredményezi, amellyel összhangban érdemben csökkent az energiaimportõr vállalatok devizafedezési szükséglete. Az eszköz célját, valamint a piaci folyamatok alakulását figyelembe véve a Monetáris Tanács arról döntött, hogy az eszköz 2023. március 31-ig marad elérhetõ. A Magyar Nemzeti Bank a jövõben is szoros figyelemmel követi az energiaimport fedezésébõl adódó devizakonverziók piaci hatásait, indokolt esetben pedig kész az euroeladási eszköz újbóli használatára.
A Monetáris Tanács megítélése szerint az alapkamat jelenlegi szintjének tartós fenntartása szükséges, ami biztosítja az inflációs várakozások horgonyzását és az inflációs cél fenntartható módon történõ elérését. Az MNB folyamatosan értékeli a beérkezõ adatokat, illetve az inflációs kilátások alakulását, és a kockázatok fokozódása esetén kész megtenni a megfelelõ lépéseket. A piaci stabilitás fenntartása és a monetáris transzmisszió erõsítése elõretekintve is kulcsfontosságú az árstabilitás eléréséhez. A jegybank kiemelt figyelemmel követi a nemzetközi pénzpiacokon megnövekedett bizonytalanság kockázati környezetre gyakorolt hatásait. Az MNB az október közepén bevezetett egynapos eszközök kondícióinak alakítása során továbbra is a kockázati megítélésben bekövetkezõ tartós változásokat veszi figyelembe.
"
2023. február 28.,"
A Magyar Nemzeti Bank (MNB) elsõdleges célja az árstabilitás elérése és fenntartása. A jegybank elsõdleges céljának veszélyeztetése nélkül támogatja a pénzügyi stabilitás fenntartását és a Kormány gazdaság-, illetve környezeti fenntarthatósággal kapcsolatos politikáját.
Az elmúlt idõszakban a világgazdasági növekedés tovább lassult, ugyanakkor az európai uniós országok többségében a GDP bõvülése a vártnál kedvezõbben alakult. A globális növekedési kilátásokat kettõsség jellemzi. Az elhúzódó orosz-ukrán háború és az általánosan emelkedõ kamatkörnyezet elõretekintve továbbra is érdemi lefelé mutató kockázatot jelent. Ezzel szemben az enyhe téli idõjárás, valamint a gáztározók kedvezõ töltöttségi szintje enyhíti az európai energiaválság negatív hatásait, ami a kilátások javulását vetíti elõre.
Egyre több országban figyelhetõ meg az infláció lassú, de egyértelmû csökkenése. A szûkülõ kereslet, a termelési láncokat érintõ nehézségek oldódása, a normalizálódó nemzetközi szállítmányozási piac, illetve a csökkenõ energia- és nyersanyagárak a globális infláció további mérséklõdését vetítik elõre.
A kockázatvállalási hajlandóság az év eleje óta változékonyan alakult. A kezdeti határozott javulást követõen a beérkezõ makrogazdasági adatok fényében fokozódtak a globálisan meghatározó jegybankok kamatemeléseivel kapcsolatos várakozások, amivel párhuzamosan romlott a befektetõi hangulat. Az orosz-ukrán háborúval kapcsolatos fejlemények továbbra is jelentõs bizonytalanságot okoznak.
A Federal Reserve és az Európai Központi Bank esetében a piaci árazások, illetve a döntéshozói nyilatkozatok szerint is folytatódnak a kamatemelések. Emellett az EKB 2023 márciusától a megújítási arány mérséklésén keresztül megkezdi az eszközvásárlási program keretében felépített portfólió kiszámítható ütemû csökkentését. Régiónkban a cseh, a lengyel és a román jegybank is változatlanul tartotta az irányadó kamatokat.
2022 egészében a hazai gazdasági teljesítmény az európai uniós átlagot meghaladó mértékben, 4,6 százalékkal emelkedett. A magyar gazdaság növekedése a tavalyi év utolsó negyedévében tovább lassult. Az elõzetes adatok alapján a GDP 0,4 százalékkal nõtt éves összevetésben, amihez fõként az ipar és a piaci szolgáltató ágazatok járultak hozzá, miközben a mezõgazdasági kibocsátás jelentõs visszaesése fékezte a növekedést. Decemberben a kiskereskedelmi forgalom és az építõipari kibocsátás csökkent, míg az ipari termelés bõvült. A felmérések alapján a termelési kilátások az elmúlt hónapban némileg romlottak, míg a lakossági bizalmi indikátor mérsékelt javulást követõen továbbra is alacsony szinten áll. A munkaerõpiac változatlanul feszes, a munkanélküliségi ráta alacsony.
A hazai GDP idõbeli lefutását és szerkezetét 2023-ban erõs kettõsség jellemzi. A kezdeti visszafogott növekedést az év második felében élénkülés követi. A reáljövedelmek mérséklõdése, a vállalati költségek emelkedése, az állami beruházások halasztása és a szigorúbb kamatkörnyezet egyaránt hûti a belföldi keresletet. A visszafogott globális konjunktúra mellett növekvõ hazai exportkapacitásoknak köszönhetõen külpiaci részesedésünk emelkedik, amiben meghatározó az akkumulátorgyártás dinamikus bõvülése. A decemberi Inflációs jelentés elõrejelzése szerint a hazai GDP az idei évben 0,5–1,5 százalékkal, 2024-ben 3,5–4,5 százalékkal, 2025-ben pedig 3,0–4,0 százalékkal bõvülhet.
2023 januárjában az éves összevetésben számított infláció 25,7, míg a maginfláció 25,4 százalék volt. Az infláció növekedéséhez leginkább az üzemanyagok áremelkedése járult hozzá. A beérkezett adat megfelelt a decemberi Inflációs jelentés elõrejelzésének. Januárban az élelmiszer-infláció gyorsulása megállt, a termékkörön belül mind a feldolgozott, mind a feldolgozatlan élelmiszerek éves árindexe enyhén mérséklõdött. A piaci szolgáltatásokat a korábbiaknál lényegesen magasabb év eleji átárazások jellemezték, azonban ehhez döntõen két szektor, az egészségügyi és a telekommunikációs szolgáltatások járultak hozzá. Az inflációs várakozások változatlanul magas szinten alakulnak, ugyanakkor a kiskereskedelmi értékesítésekre, illetve a szolgáltatásokra vonatkozó vállalati árvárakozások hónapok óta a nyári csúcsértékeik alatt tartózkodnak.
A dezinflációs hatások a következõ hónapokban tovább erõsödnek, az infláció fordulatát okozva. A világpiaci energia-, nyersanyag- és élelmiszerárak az orosz-ukrán háborút megelõzõ szintjük alá csökkentek. Emellett a belsõ kereslet csökkenésének árazásokat fegyelmezõ hatása, valamint a tavaszi hónapoktól a bázishatások kifutása egyaránt támogatja a hazai infláció mérséklõdését. A szigorú monetáris kondíciók elõsegítik a másodkörös inflációs hatások elkerülését és az inflációs várakozások horgonyzását. A hazai infláció 2023 elsõ felében fokozatosan, majd az év közepétõl jelentõsebben csökken. A fogyasztóiár-index 2024-ben tér vissza a jegybanki toleranciasávba.
Az elmúlt hónapokban az export bõvülésével, a gázárak mérséklõdésével és a lakossági fogyasztás alkalmazkodásával párhuzamosan egyértelmûen megkezdõdött a folyó fizetési mérleg egyenlegének trendfordulója. Ezzel összhangban a folyó fizetési mérleg hiánya számottevõen mérséklõdött a decemberi adatok alapján. 2023-tól a fizetési mérleg energiaegyenlegen kívüli tételeinek növekvõ többlete, az egyre szélesebb körû energiapiaci alkalmazkodás, valamint az alacsonyabb gázárak gyors javulást eredményezhetnek. A normalizálódó világgazdasági környezettel és cserearányokkal, valamint az elmúlt idõszakban kiépült új exportkapacitások termelésbe állásával párhuzamosan a külkereskedelmi egyenleg érdemben javulhat, így a folyó fizetési mérleg hiánya tovább csökken.
A hazai pénzpiaci folyamatok az elmúlt idõszakban stabilan alakultak. A jegybanki lépések, köztük elsõsorban a diszkontkötvény rendszeres alkalmazása, helyreállították a swappiac egyensúlyát, amelynek eredménye egyértelmûen megmutatkozik a forint árfolyamának stabilizálódásában.
A Monetáris Tanács a mai ülésén az alapkamatot 13 százalékon tartotta. Az alapkamat jelenlegi szintje megfelelõ a fundamentális inflációs kockázatok kezelésére. Az O/N betéti kamat 12,5 százalékos és az O/N fedezett hiteleszköz kamat 25 százalékos szintje nem változott.
Az MNB õsszel bevezetett, a bankközi forintlikviditás tartós lekötését célzó eszközeinek – az átalakított kötelezõ tartalékrendszer, az egyhetes futamidejû diszkontkötvény és a hosszú futamidejû betéti tender – hatására a hozamkörnyezet általános és jelentõs mértékû emelkedése ment végbe. Az intézkedések tartósan erõsítették a monetáris transzmissziót, ami kritikus fontosságú az árstabilitási cél monetáris politikai horizonton történõ elérése szempontjából. A kedvezõ tapasztalatok alapján a jegybank ezen eszközeit a következõ idõszakban is alkalmazza.
A Monetáris Tanács a tartalékráta emelésével és a kamatozás átalakításával tovább szigorítja a kötelezõ tartalékeszköz likviditásra gyakorolt hatását. Januári ülésén döntést hozott arról, hogy a kötelezõ tartalékráta április 1-jei hatállyal 10 százalékra emelkedik. A Tanács a mai napon a tartalékszámla kamatozásának átalakításáról döntött annak érdekében, hogy tovább növelje a tartósan lekötött likviditást, és ezáltal tovább erõsítse a monetáris transzmissziót. Az MNB a tartalékalap 2,5 százalékára nem fizet kamatot, a 7,5 százalékának megfelelõ rész után továbbra is az alapkamatot, míg – a nagyobb igénybevétel ösztönzése érdekében – a választható tartalékra az alapkamat helyett az egynapos betéti gyorstender kamatát fizeti.
A monetáris transzmisszió erõsítése mellett a jegybank a pénzpiaci stabilitás biztosítása érdekében a következõ idõszakban is alkalmazza az egynapos betéti gyorstendereket és devizacsere-ügyleteket, emellett továbbra is rendelkezésre áll az energiaszámlához köthetõ, a piaci egyensúly eléréséhez szükséges devizalikviditási igény kielégítésében.
A Monetáris Tanács megítélése szerint az alapkamat jelenlegi szintjének tartós fenntartása szükséges, ami biztosítja az inflációs várakozások horgonyzását és az inflációs cél fenntartható módon történõ elérését. Az MNB folyamatosan értékeli a beérkezõ adatokat, illetve az inflációs kilátások alakulását, és a kockázatok fokozódása esetén kész megtenni a megfelelõ lépéseket. A piaci stabilitás fenntartása és a monetáris transzmisszió erõsítése elõretekintve is kulcsfontosságú az árstabilitás eléréséhez. Az MNB továbbra is a pénzügyi piaci helyzet trendszerû folyamataira fókuszál, ezért az október közepén bevezetett egynapos eszközök kondícióinak alakítása során a kockázati megítélés elmúlt idõszakban bekövetkezett javulásának tartósságát veszi figyelembe.
"
2023. január 24.,"
A Magyar Nemzeti Bank (MNB) elsõdleges célja az árstabilitás elérése és fenntartása. A jegybank elsõdleges céljának veszélyeztetése nélkül támogatja a pénzügyi stabilitás fenntartását és a Kormány gazdaság-, illetve környezeti fenntarthatósággal kapcsolatos politikáját.
Az elmúlt idõszakban a világgazdasági növekedés lassult, és számos országban már a GDP csökkenése volt megfigyelhetõ. Az elhúzódó orosz-ukrán háború, az európai energiaválság és az általánosan emelkedõ kamatkörnyezet elõretekintve továbbra is érdemi bizonytalanságot jelent. A nyersanyag- és az energiaárak jelentõsen mérséklõdtek az elmúlt hónapokban, ugyanakkor az elõzõ évekhez képest továbbra is magas szinteken alakulnak.
Egyre több országban indult meg az infláció lassú mérséklõdése. A kereslet gyengülése, az energia- és nyersanyagárak, illetve a nemzetközi szállítási költségek csökkenése és a termelési láncokat érintõ nehézségek oldódása 2023-tól a globális infláció folytatódó mérséklõdését vetíti elõre.
A befektetõi hangulat az elõzõ kamatdöntés óta enyhén javult. A kockázatvállalási hajlandóságot a beérkezõ makrogazdasági adatok és a kilátások, valamint a globálisan meghatározó jegybankok monetáris politikájával kapcsolatos várakozások befolyásolták. Az orosz-ukrán háborúval kapcsolatos fejlemények továbbra is jelentõs bizonytalanságot okoznak.
A Federal Reserve és az Európai Központi Bank esetében a piaci árazások, illetve a döntéshozói nyilatkozatok szerint is további kamatemelések várhatók. Emellett az EKB korábbi bejelentése alapján 2023 márciusától megkezdi az eszközvásárlási program keretében felépített portfólió csökkentését. Régiónkban a román jegybank 25 bázisponttal emelte az alapkamatot, míg a cseh és lengyel jegybank változatlanul hagyta az irányadó kamatokat.
A magas frekvenciájú adatok 2022. év végére a GDP bõvülésének további lassulását jelzik. Novemberben az üzemanyag-értékesítések nélkül számított kiskereskedelmi forgalom csökkent. Az ipari termelés növekedése lassult. A termelési kilátások javultak az elmúlt hónapban, azonban a bizalmi indikátorok továbbra is alacsony szinten állnak. A munkaerõpiac változatlanul feszes, a munkanélküliségi ráta alacsony.
Az idei növekedést mind belsõ, mind külsõ keresleti tényezõk lassítják. A reáljövedelmek mérséklõdése, a vállalati költségek emelkedése, az állami beruházások halasztása és a szigorúbb kamatkörnyezet egyaránt hûti a belföldi keresletet. A visszafogott globális konjunktúra mellett a növekvõ hazai exportkapacitásoknak köszönhetõen külpiaci részesedésünk emelkedik, amiben meghatározó az akkumulátorgyártás dinamikus bõvülése. A decemberi Inflációs jelentés elõrejelzése szerint a hazai GDP 2022-ben 4,5–5,0 százalékkal növekedett, míg az idei évben 0,5–1,5 százalékkal, 2024-ben 3,5–4,5 százalékkal, 2025-ben pedig 3,0–4,0 százalékkal bõvül.
2022 decemberében az éves összevetésben számított infláció 24,5, míg a maginfláció 24,8 százalék volt. Az infláció növekedése teljes egészében az üzemanyagok áremelkedésének következménye volt. A beérkezett adat a várt alatt alakult, amit a feldolgozatlan élelmiszerek enyhén csökkenõ inflációja mellett részben az idõjáráshoz köthetõ visszafogott energiafogyasztás magyarázott. Az inflációs várakozások változatlanul magas szinten alakulnak, ugyanakkor a kiskereskedelmi értékesítési árakra, illetve a szolgáltatásokra vonatkozó vállalati árvárakozások hónapok óta a nyári csúcsértékeik alatt tartózkodnak.
Az infláció fordulatát okozó hatások a következõ hónapokban még erõteljesebbé válnak. A világpiaci energia-, nyersanyag- és élelmiszerárak az orosz-ukrán háborút megelõzõ szintjükre csökkentek. Emellett a belsõ kereslet csökkenésének árazásokat fegyelmezõ hatása, valamint a tavaszi hónapoktól a bázishatások kifutása egyaránt támogatja a hazai infláció mérséklõdését. A szigorú monetáris kondíciók elõsegítik a másodkörös inflációs hatások elkerülését és az inflációs várakozások horgonyzását. A hazai infláció 2023 elsõ felében lassan, majd az év közepétõl jelentõsebben csökken. A fogyasztóiár-index 2024-ben tér vissza a jegybanki toleranciasávba.
A Pénzügyminisztérium közleménye szerint teljesült a 6,1 százalékos 2022. évi hiánycél, az államadósság-ráta pedig 73,5 százalékra csökkent. Az elmúlt hónapokban a jelentõs exportbõvüléssel, a gázárak mérséklõdésével és a lakossági fogyasztás alkalmazkodásával párhuzamosan megkezdõdött a folyó fizetési mérleg egyenlegének trendfordulója. Az áruegyenleg novemberi, korábbinál magasabb hiánya döntõen egyedi tényezõkhöz köthetõ. 2023-tól a fizetési mérleg energiaegyenlegen kívüli tételeinek növekvõ többlete, az egyre szélesebb körû energiapiaci alkalmazkodás, valamint a gázárak mérséklõdése gyors javulást eredményezhet. A normalizálódó világgazdasági környezettel és cserearányokkal, valamint az elmúlt idõszakban kiépült új exportkapacitások termelésbe állásával a külkereskedelmi egyenleg érdemben javulhat, így a folyó fizetési mérleg hiánya tovább csökken.
A Monetáris Tanács a mai ülésén az alapkamatot 13 százalékon tartotta. Az alapkamat jelenlegi szintje megfelelõ a fundamentális inflációs kockázatok kezelésére. Az O/N betéti kamat 12,5 százalékos és az O/N fedezett hiteleszköz kamat 25 százalékos szintje nem változott.
Az MNB az õsszel bevezetett, a bankközi likviditás tartós lekötését célzó eszközeivel – az átalakított kötelezõ tartalékrendszerrel, az egyhetes futamidejû diszkontkötvénnyel és a hosszú futamidejû betéti tenderrel – az év végi idõszakban is erõteljesen támogatta a monetáris transzmisszió hatékonyságának fenntartását. A kedvezõ tapasztalatok alapján a jegybank ezen eszközeit a következõ idõszakban rendszeresen fogja alkalmazni. Ennek keretében a hosszú futamidejû betéti eszközét január 25-én hirdeti meg, míg február 1-tõl a diszkontkötvény-aukciókat heti rendszerességgel fogja megtartani. A monetáris transzmisszió erõsítése mellett a jegybank a pénzpiaci stabilitás érdekében továbbra is alkalmazza az egynapos betéti gyorstendereket és devizacsere-ügyleteket, továbbá a következõ hónapokban is biztosítja az energiaszámlához köthetõ, a piaci egyensúly eléréséhez szükséges devizalikviditási igényt.
A Monetáris Tanács folyamatosan értékeli a beérkezõ adatokat és az inflációs kilátások alakulását, és a kockázatok fokozódása esetén kész megtenni a megfelelõ lépéseket. A piaci stabilitás fenntartása és a monetáris transzmisszió erõsítése elõretekintve is kulcsfontosságú az árstabilitás eléréséhez. Az MNB továbbra is a pénzügyi piaci helyzet tartós elmozdulásaira fókuszál, és az október közepén bevezetett eszközeinek jelenlegi kondícióit a kockázati megítélés trendszerû javulásáig tartja fenn. A szigorú monetáris kondíciók tartós fenntartása szükséges, ami biztosítja az inflációs várakozások horgonyzását és az inflációs cél fenntartható módon történõ elérését.
"
